deal_count,location,price,shop,title
3万+人付款,广东 东莞,79.00,创于佳讯数码专营店,[官方旗舰]4G全网通纽曼M560正品老年超长待机老人机大屏幕大字大声音男女士电信版学生专用智能按键
2000+人付款,北京,3999.00,小米官方旗舰店,【立即加购 至高立省250元！】Xiaomi 12S游戏徕卡拍照骁龙8+新款小米12s官网官方旗舰店红米小米
13人付款,浙江 杭州,2399.00,喵速达电器官方旗舰店,【阿里官方直营 立减650】HUAWEI/华为nova9 SE 新款智能学生老人鸿蒙高清摄影快充全面屏华为官方旗舰店
700+人付款,广东 深圳,1899.00,同迅数码专营店,新品【现货速发送好礼】realme 真我GT Neo2 官方旗舰店官网5G正品OPPO gtneo2 2T 骁龙870 龙珠定制版
5000+人付款,北京,969.00,小米官方旗舰店,【指定整点抢五折】小米红米Redmi Note 11 4G 5000万高清三摄5000mAh大电量游戏智能官方旗舰店note11
1000+人付款,广东 深圳,1379.00,机御旗舰店,24期分期】Redmi 红米Note 11 5G 官方旗舰店5000mAh大电量智能红米官网正品新款note11
100+人付款,广东 茂名,1078.00,几代人成长,Xiaomi/小米 Redmi K30 Pro 5G官方旗舰40游戏增强版k30S至尊
10人付款,江苏 南京,4299.00,yefei_hs,vivo iQOO 10新款5G旗舰vivoiqoo10 vivo iqoo10 iqoo10pro
200+人付款,上海,1349.00,苏宁易购官方旗舰店,【下单至高可减280】 HONOR/荣耀X30i 5G荣耀官方旗舰店官网新品正品全新智能XD4
7人付款,广东 深圳,3525.00,cfdz2008,Huawei/华为 P50 P50pro全新正品骁龙处理器超级闪充4G全网通
7人付款,江苏 南京,2799.00,苏宁易购官方旗舰店,【至高立减100元享3期免息】vivo S12新品5G游戏拍照轻薄vivo官方旗舰店官网正品新款vivos12
93人付款,湖北 武汉,1358.00,恒盛纪元数码专营店,vivo T1 T1X新款时尚拍照智能学生5GT2X大内存大电池vivo官方旗舰正品vivot1 t1x
800+人付款,广东 深圳,1999.00,荣耀官方旗舰店,HONOR/荣耀60 SE 5G智能120Hz曲面屏新款官方旗舰店官网正品学生拍照智能机高刷新率轻薄商务50
1000+人付款,广东 深圳,749.00,荣耀官方旗舰店,HONOR/荣耀畅玩20 4G5000mAh大电池6.5英寸高清护眼屏震撼大音量官方旗舰店官网正品千元备用老人机
600+人付款,北京,6799.00,三星官方旗舰店,【至高省3740】三星S21+全新正品5G智能数码Galaxy骁龙888长续航游戏官网旗舰店
4000+人付款,北京,2399.00,小米官方旗舰店,【立即付定】 Redmi K50 红米智能小米k50小米官方旗舰店官网正品 红米k50 40
76人付款,广东 东莞,3799.00,yy_sky_2008,vivo iQOO 9 Pro新品vivoiqoo9pro5g iqoo9pro viv0 ipoo9 iq
200+人付款,浙江 杭州,3299.00,浙江移动官方旗舰店,【至高优惠830元 浙江移动用户专享】 HONOR/荣耀60 Pro 5G浙江移动官方旗舰店大内存新品正品拍照智能机
70人付款,北京,16999.00,三星官方旗舰店,【限时省1800 12期免息】三星W22心系天下高端系列5G全新官方正品折叠屏5G智能骁龙888处理器
600+人付款,北京,5999.00,中国联通官方旗舰店,【中国联通自营】Apple 苹果13iphone13国行全网通5G苹果官方旗舰店官网iphone13promax
800+人付款,广东 东莞,799.00,oppo官方旗舰店,【至高优惠200元】OPPO A35 千元大内存 AI超清人像三摄 OPPO官方旗舰店 oppoa35 学生老人拍照
400+人付款,江苏 南京,2499.00,苏宁易购官方旗舰店,【会员专属】HONOR/荣耀60 5G高通骁龙官方旗舰店官网正品智能50/60Pro全新正品66WXD4
65人付款,江苏 南京,1399.00,苏宁易购官方旗舰店,【立即抢购 领会员券更优惠 官方正品】荣耀Play6T 5G5000mAh大电池22.5W快充学生游戏拍照苏宁官方
2万+人付款,广东 深圳,2699.00,荣耀官方旗舰店,HONOR/荣耀70 5G智能 行业首发IMX800三主摄 Vlog主角模式拍摄 前后双曲屏 66W超级快充 官方旗舰店官网
500+人付款,广东 深圳,2088.00,aierxuan旗舰店,【热销爆款】官方旗舰店2022年新款英特尔酷睿学生轻薄便携超薄办公专用手提电脑商务女生款商务
72人付款,广东 深圳,2098.00,绝对诚信qq464547963,现货 MIUI/小米 Redmi K50电竞版游戏官方旗舰店新红米K50 5G
100+人付款,广东 广州,1729.00,中国联通官方旗舰店,【12期分期】OPPO K9x oppok9x oppo官方旗舰店5g新款0ppo限量版官网正品oppok9x智能全网通k7x
6000+人付款,广东 东莞,1599.00,vivo手机官方旗舰店,【9月6日20点抢前10件5折】vivo Y77新款全面屏游戏拍照学生5G智能闪充大电池官方旗舰店正品vivoy76t
27人付款,北京,1828.00,lanbingyu86,vivo S15e 5G新款 美颜自拍 智能 s15 S15E s12 s12pro s10
200+人付款,浙江 杭州,2599.00,喵速达电器官方旗舰店,【阿里官方自营 立减750】HUAWEI/华为nova 9新品官方旗舰正品学生新款nova9官网直降华为鸿蒙官方自营旗
1000+人付款,广东 东莞,3799.00,realme官方旗舰店,【抢先加购】realme真我GT2大师探索版新款智能骁龙8+ x7独显芯片100W快充5G大电池游戏旗舰
100+人付款,北京,3999.00,小米官方旗舰店,【立即加购 至高立省350元】Xiaomi 12 Pro天玑版新品首发智能游戏拍照小米12新款小米官方旗舰店官网5g
4万+人付款,北京,1199.00,小米官方旗舰店,【6日20点抢5折】小米/红米Redmi Note 11 5G 5000mAh大电量智能红米5千万像素官方旗舰小米官方旗舰店
100+人付款,广东 深圳,1899.00,荣耀官方旗舰店,HONOR/荣耀60 SE 新款5G曲面屏66W快充智能机荣耀官方旗舰店时尚轻薄学生拍照大内存全网通智能
500+人付款,广东 东莞,3199.00,vivo手机官方旗舰店,【9月6日20点抢前10件5折】vivo S12 Pro曲面屏5G智能游戏拍照vivo官方旗舰店正品s12pro vivos12pro
4000+人付款,广东 东莞,999.00,vivo手机官方旗舰店,【9月6日20点抢前10件5折】vivo Y32智能游戏大内存电池 vivo官方旗舰店官网正品功能机学生机y32
1000+人付款,广东 深圳,1358.00,摆渡者风控专卖店,【2022新品英特尔酷睿i7笔记本】轻薄便携15.6英寸办公商务学生手提游戏本女生款适用于华为鼠标
100+人付款,广东 广州,649.00,高逼格得店,THINKPAD X220 X230超薄i7X240商务X250 X260 12寸联想
1000+人付款,北京,4899.00,戴尔官方旗舰店,【天猫榜单推荐】DELL/戴尔 灵越14/15 Pro 11代英特尔酷睿i5/i75410轻薄本手提5510学生办公便携
100+人付款,江苏 南京,5999.00,asus华硕恩荣专卖店,Asus华硕天选3第12代酷睿i5/i7游戏本RTX3060手提学生电竞商务办公本15.6英寸天选2官方旗舰店官网
1000+人付款,上海,4699.00,asus华硕官方旗舰店,【新品上市】华硕无畏15 2022 12代英特尔酷睿i5 15.6英寸轻薄办公低蓝光认证大屏学生官方旗舰店
100+人付款,广东 广州,5199.00,hp惠普商用旗舰店,HP/惠普 战x 锐龙版 13.3/14/15英寸轻薄便携 8核R7学生游戏商务办公超薄手提官网官方旗舰店
300+人付款,广东 深圳,2948.00,heatlinda,新品MIUI/小米 Redmi K50 至尊版红米k50ultra新5G奔驰冠军版
59人付款,广东 东莞,3799.00,yy_sky_2008,vivo IQOO 9新品vivoiqoo95g voviiqoo9 viv0iqoo9 iqoo7 iq
46人付款,广东 深圳,3999.00,佰分购旗舰店,【24期免息/送碎屏保】vivo iQOO 10新品5Gvivoiqoo10爱酷官方旗舰店iqoo10pro iq0010游戏10por 9
1万+人付款,浙江 杭州,5599.00,喵速达电器官方旗舰店,【阿里官方自营】Apple/苹果iPhone 12支持移动联通电信5G 双卡双待官方自营正品
100+人付款,山东 济南,2699.00,三际数码官方旗舰店,【立减80元+6期免息】Huawei/华为nova 10官方旗舰店官网正品新款智能学生直降nova9鸿蒙nova10系列
100+人付款,广东 深圳,1038.00,黄灿铎,现货顺丰包邮OPPO K9X全网通学生5GK7XOPPOK9X K9SOPPOK9PRO
92人付款,广东 深圳,2539.00,星恒盛数码专营店,【送手环耳机】HONOR/荣耀50Pro 5G官方旗舰正品店官网直降新品上市荣耀50系列送礼豪华为系统
400+人付款,广东 东莞,3299.00,vivo手机官方旗舰店,【9月6日20点抢前10件5折】vivo X70蔡司影像旗舰5G智能新品微云台防抖vivo官方旗舰店官网vivox70
12人付款,浙江 金华,3999.00,能良数码官方旗舰店,【24期免息+送无线耳机/电源】小米12S新品5G小米官方旗舰店新款官网pro正品智能游戏拍照摄影徕卡xiaomi
2000+人付款,广东 东莞,1699.00,iqoo手机官方旗舰店,【新品开售 购机加赠耳机抢14重礼】vivo iQOO Z6骁龙长续航学生闪充游戏5g大电池官方旗舰店vivoiqooz6
1000+人付款,北京,7499.00,三星官方旗舰店,【折叠屏新品 12期免息 】Samsung/三星Galaxy Z Flip4 全新正品智能拍照官方正品
1000+人付款,北京,12999.00,三星官方旗舰店,【折叠屏新品 12期免息】Samsung/三星 Galaxy Z Fold4 折叠屏智能全新品上市官方旗舰正品
300+人付款,山东 济南,4019.00,三际数码官方旗舰店,24期免息当天发 vivo X80 天玑9000旗舰新品5G全网通 vivo x80 vivox80pro x80  vivo官方旗舰店
300+人付款,江苏 南京,5599.00,中国电信官方旗舰店,【128GB到手4599元起】Apple/苹果iPhone 12#移动联通电信5G全网通双卡双待正品原装智能官方旗舰 学生
3人付款,浙江 杭州,1999.00,中国移动官方旗舰店,【移动用户专享180+200移动话费】vivo s15e新品5g中国移动官旗vivos15evivos15e s15pro vivo官方旗舰店
17人付款,江苏 南京,2699.00,中国电信官方旗舰店,【官方正品】vivo S15#新品骁龙870拍照智能游戏电竞学生5G正品官方旗舰店S12pro新款 vivo官方旗舰店
1000+人付款,广东 东莞,2699.00,realme官方旗舰店,【至高立省900】真我GT大师探索版 骁龙870处理器三星全面屏65W快充大电池拍照学生游戏智能官方gt大师
300+人付款,广东 广州,2099.00,中国移动手机官方旗舰店,【移动用户专享】realme真我GTNeo2T天玑1200-AI5G处理器65W智慧闪充学生智能拍照游戏
45人付款,上海,4898.00,壹品良机旗舰店,【24期免息/现货速发】Apple/苹果 iPhone 12 5G官方正品旗舰店新款苹果12mini官网直降12pro 国行13
100+人付款,北京,5699.00,thinkpad官方旗舰店,【99爆款推荐】联想ThinkBook14+ 12代英特尔酷睿i5/i7标压 16G 512G 4G独显电竞本轻薄便携学生
200+人付款,上海,4499.00,asus华硕官方旗舰店,【99预售】华硕无畏16 2022 锐龙5 5600H标压高性能轻薄学生办公180°开合官方旗舰店官网
400+人付款,广东 广州,4199.00,机械革命旗舰店,机械革命蛟龙5轻薄游戏设计师RTX3060 AMD锐龙R7学生游戏本电竞屏15.6英寸
500+人付款,广东 广州,5799.00,机械革命旗舰店,【新品推荐】机械革命极光E/极光Pro 12代英特尔酷睿i7-12700H游戏轻薄学生电竞RTX3060设计师本
20人付款,江苏 南京,5199.00,asus华硕恩荣专卖店,Asus华硕天选3 新AMD锐龙R7处理器游戏吃鸡高配置电竞学生RTX3060手提官方旗舰店官网2022新品
14人付款,江苏 南京,4059.00,中楚电子科技,Dell/戴尔 灵越13pro 5320  12代酷睿i7女生轻薄2.5K屏
100+人付款,北京,3999.00,thinkpad官方旗舰店,【爆款推荐】联想ThinkPadThinkBook14/15 英特尔酷睿i5/i7 16G 512G 轻薄商务ThinkPad官方旗舰店
600+人付款,上海,4199.00,asus华硕官方旗舰店,【爆款热卖】华硕VivoBook15 11代英特尔酷睿i3轻薄本15.6英寸大屏轻薄办公学生商务官方旗舰店
100+人付款,广东 广州,1399.00,中国移动手机官方旗舰店,【正品顺丰包邮】vivo y72t 最新款5g千元学生价智能全网通vivoY72t老年人机官方旗舰店官网旗舰上市
100+人付款,广东 广州,2299.00,中国移动手机官方旗舰店,【正品顺丰包邮】vivo iQOO Z5 5g全网通 vivoz5 ioqqz5 iq00z5 爱酷 iqz5 vivo官方旗舰店
2人付款,浙江 金华,4199.00,能良数码官方旗舰店,【顺丰现货速发】vivo iqoo 9pro【三年质保+碎屏保】iqoo9p 新品iq9 官网官方旗舰店支持爱购上海消费券
800+人付款,广东 东莞,4399.00,iqoo手机官方旗舰店,【6日20点疯抢5折 赢前300加赠】vivo iQOO 9骁龙8智能120W闪充5g游戏电竞vivoiqoo9爱酷官方旗舰店官网
23人付款,浙江 杭州,2699.00,中国移动官方旗舰店,【至高立减300】移动用户专享HONOR/荣耀70 5G 中国移动官旗 大内存新品正品智能机
100+人付款,浙江 杭州,1299.00,中国移动官方旗舰店,【realme Q5 移动用户专享 至高立省320】全网通 中国移动官旗 真我q5 千元机 5G 60w闪充 智能机 高刷屏
300+人付款,广东 深圳,1699.00,oppo聚洪欧珀专卖店,【新品上市】OPPO A96新款5g全网通智能oppo官方旗舰店官网oppoa96 a95 a93s限量版正品0pp0
1000+人付款,广东 东莞,999.00,oppo官方旗舰店,OPPO A36 大电池大内存智能拍照官方旗舰店 oppoa36 老人学生 a32
400+人付款,山东 济南,2599.00,三际数码官方旗舰店,至高立减540vivo iQOO Neo6se 5g iqooneo6se vivo iQOO iqooneo7 neo6se neo6 iq00vivo neo5旗舰店
400+人付款,江苏 南京,6799.00,翼天下天翼电信旗舰店,【领88券可减100元 赠碎屏险+壳膜】Apple/苹果iPhone 13全网通5G原装国行苹果13中国电信官网旗舰店
58人付款,江苏 南京,7190.00,尤里xx,Apple/苹果 iPhone 13 Pro 5G Max苹果13pro iPhone13pro国行
500+人付款,广东 广州,5999.00,中国移动手机官方旗舰店,【抢先收藏 全国联保1年 移动用户专享】苹果13iPhone13苹果官方旗舰苹果5G新品苹果13国行正品
89人付款,江苏 南京,6409.00,苏宁易购官方旗舰店,【立减610】Huawei/华为MateBook 14s 英特尔i5 办公学习便携触控屏智慧性能轻薄本苏宁旗舰店1943
300+人付款,北京,5699.00,thinkpad官方旗舰店,【2022新品】联想ThinkBook 16+ 12代英特尔标压酷睿i5/i7 16G 512G 4G独显电竞本16英寸轻薄
100+人付款,北京,6099.00,戴尔官方旗舰店,【新品上市】DELL/戴尔 灵越16Pro 12代英特尔酷睿i5/i7 16英寸轻薄本手提5620官方商务办公便携
100+人付款,北京,13999.00,alienware外星人旗舰店,【天猫V榜】ALIENWARE外星人m15 R715.6英寸12代英特热酷睿i7 RTX3060游戏本2K屏电竞玩家2022年新
300+人付款,北京,9499.00,alienware外星人旗舰店,【官方旗舰】ALIENWARE外星人m15游戏本R5锐龙版AMD游戏本独立显卡RTX3050Ti戴尔DELL高端电竞学生
2万+人付款,广东 深圳,24.90,飞利浦凯网专卖店,飞利浦键盘鼠标套装USB有线电脑台式笔记本办公专用打字机械手感
200+人付款,广东 深圳,6099.00,华为官方旗舰店,华为HUAWEI MateBook 16 AMD R5/R7 16GB+512GB Windows 11 16英寸2.5K专业级全面屏
300+人付款,北京,3999.00,thinkpad官方旗舰店,【开学促销】联想ThinkPadThinkBook14/15 英特尔酷睿i5/i7 16G 512G 轻薄商务ThinkPad官方旗舰店
400+人付款,上海,8499.00,asus华硕官方旗舰店,【2022新品】华硕灵耀Pro16 12代英特尔酷睿i7 3050Ti 120Hz高性能设计商务游戏办公轻薄
2000+人付款,安徽 合肥,4799.00,联想官方旗舰店,【热卖爆款】联想小新Air15 英特尔酷睿i5 15.6英寸大屏 商务本学习本办公大学生网课轻薄大屏
5000+人付款,安徽 合肥,4648.00,联想官方旗舰店,【爆款】联想小新Air14/Air15 英特尔酷睿i5 可选14/15.6英寸全面屏高性能学习商务办公便携轻薄本
1000+人付款,广东 深圳,4199.00,华为官方旗舰店,【新品】华为HUAWEI MateBook D 15 SE版 11代英特尔酷睿i5 8G+512G 锐炬显卡 15.6英寸护眼全面屏
7人付款,江苏 南京,6299.00,苏宁易购官方旗舰店,雷神T-Book16独显轻薄12代英特尔酷睿i9-12900H/A37016英寸100%色域设计高端商务办公【1484】
2000+人付款,广东 东莞,2799.00,iqoo手机官方旗舰店,【抢先加购赢5折抢300份壕礼】iQOO Neo6新品骁龙8智能5g游戏电竞爱酷官方旗舰店正品vivoiqooneo iqoone
19人付款,广东 深圳,1748.00,诚信实拍数码,现货 vivo iQOO Neo6 SE 骁龙870全网通5G学生游戏iQOOneo6se
27人付款,江苏 南京,2099.00,翼天下天翼电信旗舰店,【下单立减410元 全国联保】HUAWEI/华为 nova 9 SE智能4G全网通官方正品一亿像素超清影像66W超级快充
200+人付款,广东 深圳,1499.00,oppo金谷专卖店,OPPO Reno7 SE opporeno7se智能学生游戏5g新款oppo官方旗舰店官网正品0pporeon4/5/6/7Pro+十 por
39人付款,广东 深圳,3096.00,为人民服务666,新品OPPO Reno8 Pro+智能拍照5G全网通opporeno8pro+官方正品
800+人付款,浙江 金华,2499.00,能良数码官方旗舰店,[24期免息]OPPO Reno8 opporeno8新款上市oppo官方旗舰店官网reno7新年红reno8pro+0ppo5g新品限量版
19人付款,浙江 杭州,1499.00,中国移动官方旗舰店,【移动用户专享 realme Q5 立减280】6G+128G 中国移动官旗  真我 q5 千元机 5G 智能 学生 游戏  骁龙
800+人付款,广东 深圳,5999.00,华为官方旗舰店,华为/HUAWEI MateBook D15 2022款 11代英特尔酷睿处理器16GB+512GB锐炬显卡轻薄办公护眼全面屏
4000+人付款,广东 深圳,4399.00,华为官方旗舰店,华为/HUAWEI MateBook D15 锐龙版 R5-5500U 16GB+512GB 15.6英寸护眼全面屏轻薄办公本
800+人付款,广东 深圳,5199.00,荣耀官方旗舰店,HONOR/荣耀MagicBook 14 2022版14英寸全面屏 6000系锐龙标压R5/R7处理器 超长续航 商务办公 官网
600+人付款,安徽 合肥,6048.00,联想官方旗舰店,【热卖】联想YOGA14s英特尔酷睿i5 2.8K屏轻薄本独显商务办公本娱乐出差便携官方旗舰店正品女学生
2000+人付款,安徽 合肥,6798.00,联想官方旗舰店,联想小新Pro16 2022标压锐龙版可选 16英寸轻薄游戏级 2.5K 120Hz大屏大学生学习办公设计作图
400+人付款,广东 广州,5499.00,machenike旗舰店,【天猫榜单】机械师T58-V英特尔11代酷睿i7-11800H游戏本RTX3050Ti/3060电竞144Hz屏学生轻薄手提
27人付款,上海,4499.00,戴尔蓝印专卖店,戴尔dell灵越14pro/15pro 酷睿标压i5/i7商务办公轻薄本便携5420独显5620学生游戏本手提5410
800+人付款,广东 广州,30.90,笑道牙,穹狮H300有线键盘鼠标套装 朋克发光usb悬浮机械手感吃鸡游戏电脑
100+人付款,广东 广州,12.90,周雄伶,追光豹Q9键盘 家用游戏商务办公 笔记本台式电脑配件 USB扁口有线
1000+人付款,浙江 杭州,119.00,天天特卖工厂店,惠普真机械键盘青轴黑轴茶轴游戏专用台式笔记本电脑外接
200+人付款,北京,7599.00,戴尔官方旗舰店,【24期免息】DELL/戴尔 灵越16 Plus 12代英特尔酷睿i7创作设计师本游戏本手提轻薄本学生7620
800+人付款,广东 深圳,5699.00,荣耀官方旗舰店,HONOR/荣耀MagicBook 14 2022版 新款14英寸 搭载英特尔12代酷睿i5/i7处理器 商务办公 全面屏
600+人付款,北京,5099.00,戴尔官方旗舰店,【菜鸟发货】戴尔/DELL 灵越13 Pro 13.3英寸可选英特尔Evo i5/i7轻薄本手提学生办公5310高清便携
100+人付款,江苏 南京,5799.00,苏宁易购官方旗舰店,【2022爆款】联想ThinkBook 14+ 12代酷睿标压新款 14英寸办公学习游戏苏宁易购官方旗舰店【865】
100+人付款,广东 广州,6799.00,machenike旗舰店,【性价推荐】机械师曙光15英特尔12代酷睿i9-12900H游戏本RTX3050Ti独显144Hz电竞屏手提便捷学生
200+人付款,北京,12499.00,alienware外星人旗舰店,【24期免息】ALIENWARE外星人m15 R7 15.6英寸高端12代英特尔酷睿游戏本设计师本2K屏电竞学生办公
1000+人付款,广东 广州,6299.00,惠普中国官方旗舰店,【2022游戏本爆款】HP/惠普光影精灵8可选12代英特尔酷睿i7RTX3060游戏本暗影精灵8学生官方旗舰店
95人付款,广东 深圳,2199.00,oppo品牌企业店,OPPO Reno8 新款5G opporeno8 oppo oppo 官方旗舰店
100+人付款,广东 深圳,9438.00,苏苏通讯,现货Huawei/华为 Mate Xs 2折叠屏鸿蒙系统MateXs2典藏版二代
1000+人付款,广东 深圳,979.00,壹品良机旗舰店,【官方正品/现货速发】小米/红米Note9 5Gnote9系列千元5G官方旗舰店正品note10xiaomi9学生老人机
700+人付款,广东 深圳,1279.00,佰分购旗舰店,【前5名赠小米背包】红米Note9 5Gxiaomi红米小米官方旗舰店红米note9pro全网通5g正品note9
500+人付款,广东 深圳,4999.00,荣耀官方旗舰店,HONOR/荣耀MagicBook 16 新款锐龙版 搭载R5/R7处理器 高性能 轻薄便携 办公游戏本 官方正品
14人付款,山东 济南,4299.00,格利莫里2008,Lenovo/联想 小新 Pro16 PRO14 2022款 AIR14PLUS
400+人付款,浙江 宁波,4599.00,asus华硕旗舰店,【新品】华硕a豆14 2022新款12代英特尔酷睿i5标压高性能办公学生轻薄商务便携手提超薄本官方旗舰
700+人付款,广东 广州,6599.00,machenike旗舰店,【12代新品】机械师曙光15英特尔12代酷睿i9-12900H游戏本RTX3060144Hz电竞屏2022年新款旗舰
19人付款,上海,5299.00,华为衡跃专卖店,【领劵至高减500】华为HUAWEI MateBook D14 2022款 新品12代英特尔酷睿版i5/i7 14英寸护眼全面屏
57人付款,广东 广州,5599.00,风过留痕119,华为 MateBook 14s 2022款12代酷睿标压14.2英寸90Hz
2000+人付款,浙江 杭州,39.00,天天特卖工厂店,xiaomi/小米适用无线笔记本静音办公专用原装有线键盘
1000+人付款,安徽 合肥,99.00,罗技烈焰专卖店,罗技MK275键盘鼠标无线电脑笔记本台式家用办公游戏MK270
1万+人付款,广东 广州,39.90,汪翰数码专营店,前行者机械手感键盘鼠标有线电竞游戏办公电脑笔记本台式外接外设耳机二件三件套蒸汽朋克键帽非静音
7000+人付款,广东 深圳,49.00,原动力数码专营店,【罗永浩推荐】无线键盘鼠标静音无声办公专用静音无声打字手感好家用笔记本台式电脑外接有线
4000+人付款,广东 广州,159.00,惠普中国官方旗舰店,HP惠普机械键盘鼠标电竞游戏笔记本电脑有线办公三件套
900+人付款,广东 深圳,3399.00,荣耀官方旗舰店,HONOR/荣耀X14/X15 英特尔酷睿i5处理器 护眼全面屏 轻薄便携本 商务办公 学生 官方旗舰店
600+人付款,广东 广州,4499.00,惠普中国官方旗舰店,【高性能轻薄本】HP惠普星14青春版可选12代英特尔酷睿i5/i7学生女生办公轻薄惠普官方旗舰店
500+人付款,北京,11999.00,alienware外星人旗舰店,【24期免息】ALIENWARE外星人x14轻薄高性能本14英寸游戏本高端官方旗舰店设计本办公电竞新款学生
300+人付款,北京,4499.00,小米官方旗舰店,【热销新品】Xiaomi/RedmiBook Pro 14 2022 12代英特尔酷睿i5/i7轻薄便携办公学生小米官方旗舰店
400+人付款,北京,4999.00,小米官方旗舰店,【热销爆品】Xiaomi/RedmiBook Pro 15 2022锐龙版 AMD锐龙6000系列轻薄学习办公小米官方旗舰店
100+人付款,上海,10199.00,玩家国度旗舰店,【抢满减券】ROG幻14AMD锐龙R9/RTX3060轻薄本手提设计师大学生游戏本玩家国度ROG官方旗舰店
1000+人付款,上海,1999.00,壹品良机旗舰店,【24期分期/赠碎屏宝】小米/红米Redmi k40s官网正品新品智能全网通5GXiaomi官方正品旗舰店K40s系列
94人付款,广东 深圳,1498.00,qaz524704182,MIUI/小米 Redmi Note 11T Pro+红米note11tpro+5G小米正品店
600+人付款,浙江 杭州,6799.00,浙江移动官方旗舰店,【至高优惠950元 浙江移动用户专享】苹果13浙江移动官方旗舰店iPhone13苹果官旗5G iPhone13promax
13人付款,北京,8226.00,3c老板,秒发现货vivo X FOLD折叠屏vivoXFold 5G全网通骁龙8Gen1芯片
18人付款,北京,5699.00,嘉雯宝贝0,MIUI/小米 Xiaomi 12S Ultra智能游戏拍照徕卡小米12su5g正品
69人付款,广东 深圳,5499.00,信息港数码专营店,可减950元+顺丰当天发】HONOR/荣耀Magic4 Pro 5G官方旗舰店官网正品荣耀maigc4至臻版荣耀magic4pro
16人付款,广东 深圳,6698.00,易购通信,【现货可闪送】OPPO Find N全新折叠新品oppofindn折叠屏find
10人付款,上海,5499.00,华为千冠专卖店,【咨询立减 顺丰速发】Huawei/华为Matebook E 2022新款12.6英寸平板二合一商务办公触屏官方正品
800+人付款,广东 广州,219.00,惠普中国官方旗舰店,【晒图送垫】惠普机械键盘鼠标有线笔记本台式电脑吃鸡电竞游戏网吧红青轴黑茶轴外设耳机音响三件套
3人付款,上海,169.00,麦爆数码专营店,HP惠普机械键盘鼠标游戏朋克办公电脑有线电竞耳机三件套
1万+人付款,广东 深圳,119.00,讯则达数码专营店,牧马人K100真机械键盘鼠标电竞游戏专用耳机三件套青轴茶轴黑轴红轴电脑有线无线非蓝牙静音外设
4000+人付款,广东 广州,99.00,汪翰数码专营店,牧马人无线键盘鼠标机械手感游戏办公静音电脑笔记本专用
6000+人付款,广东 深圳,29.00,bow航世专卖店,BOW航世笔记本外接有线键盘无声静音USB迷你小型无线台式电脑外置办公专用打字小巧便携鼠标女生可爱
1000+人付款,江苏 南京,129.00,牧马人数码旗舰店,牧马人K100石墨金有线机械键盘电脑电竞游戏办公打字通用
1000+人付款,广东 深圳,99.00,bow旗舰店,BOW ipad蓝牙键盘鼠标连手机平板笔记本电脑打字专用无线
200+人付款,广东 广州,4199.00,机械革命旗舰店,【6期免息】官方旗舰店机械革命无界14锐龙AMD轻薄6核R5 5560U商务办公手提高色域14英寸学生本
7人付款,广东 深圳,13499.00,润森数码旗舰店,【24期分期】Apple/苹果 14英寸 MacBook Pro M1 Pro芯片2021超轻官薄手提网课办公方专用本旗舰
59人付款,江苏 南京,5799.00,oppo欧曙专卖店,OPPO Find X5 Pro天玑版 oppofindx5pro天玑版系列oppo官方旗舰店官网findn x4智能0ppox3限量版新品
1000+人付款,广东 东莞,4799.00,oppo官方旗舰店,【6日20点享24期免息】OPPO Find X5 Pro智能游戏拍照全面屏5g学生数码曲面官方旗舰店正品findx5x3
29人付款,广东 深圳,1378.00,易购通信,荣耀X40i新品5Ghonor/荣耀 X40i国行正品全网通荣耀X30MAX30i
26人付款,浙江 金华,4499.00,天猫校园官方旗舰店,【至高优惠530】OPPO 一加10Pro 一加10pro旗舰店官网学生游戏一加10pro1+10Pro一加
200+人付款,广东 深圳,1289.00,佰分购旗舰店,可减250元 顺丰速发  HONOR/荣耀X30i 5G官方旗舰店新款上市正品全新x30i智能学生官网荣耀x30
7000+人付款,广东 深圳,4488.00,华为官方旗舰店,【6日抢五折】HUAWEI/华为 P50新款智能鸿蒙直面屏摄影拍照旗舰游戏通话新款华为官方旗舰店正品官网
100+人付款,广东 广州,5799.00,天之蓝数码港,华硕灵耀Pro14标压锐龙2.8K OLED独显游戏性能设计轻薄
400+人付款,北京,5529.00,苏宁易购官方旗舰店,【立减330】华为MateBook14 i5/i7/R5/R7触控护眼全面屏轻薄学生商用 苏宁旗舰店1943
18人付款,江苏 南京,6099.00,中楚电子科技,DELL/戴尔灵越14Plus 12代酷睿i7创作设计师轻薄本7420
300+人付款,北京,3799.00,小米官方旗舰店,【热销爆品】小米/RedmiBook Pro 14锐龙版轻薄便携学生学习游戏办公商务AMD锐龙5000处理器全面屏
600+人付款,上海,12499.00,玩家国度旗舰店,ROG魔霸6 Plus官方旗舰店正品锐龙R9魔霸6运动版2.5K屏电竞游戏本RTX3060/3070Ti大学生手提游戏本
54人付款,上海,6498.00,sw123296342,Lenovo/联想 拯救者 R9000P Y9000PK R9000XR7000P游戏
87人付款,浙江 杭州,5599.00,喵速达电器官方旗舰店,华为HUAWEI MateBook 16 AMD R5 16GB+512GB Windows 11 16英寸2.5K专业级全面屏
29人付款,北京,6499.00,北京佳华鼎立直营店,华为MateBook X Pro2022款12代i5i7办公14.2英寸微绒版
200+人付款,北京,4499.00,小米官方旗舰店,【轻薄旗舰】Xiaomi/小米Pro 14 锐龙版学生学习办公轻薄便携商务AMD 5000小米官方旗舰店
500+人付款,广东 广州,6299.00,thunderobot旗舰店,【性价比推荐】雷神911MT英特尔12代酷睿i7-12700H2022年旗舰新款电竞专用游戏本RTX3050Ti/3060
300+人付款,浙江 宁波,249.00,asus华硕旗舰店,asus/华硕 天选姬耳 月耀白笔记本电脑游戏键盘鼠标耳机
16人付款,湖北 武汉,89.00,罗技众合励成专卖店,罗技MK270 无线光电 电脑笔记本无线鼠标无线键盘
49人付款,浙江 宁波,69.00,samir枫,罗技有线键盘MK120键盘鼠标USB接口办公商务家用电脑外设
3000+人付款,江西 九江,79.00,九江网际数码专营店,蒸汽朋克机械键盘鼠标电竞吃鸡游戏专用复古87键青轴黑轴茶轴有线外设笔记本电脑外接台式办公女生
100+人付款,上海,199.00,罗技官方旗舰店,罗技无线蓝牙K380键盘Pebble鼠标粉色UOOHA办公平板女生
1000+人付款,广东 深圳,58.00,航世数码专营店,BOW巧克力静音充电无线键盘鼠标外置蓝牙笔记本电脑台式外接usb有线数字键超薄办公用无声女生可爱小
1万+人付款,广东 深圳,15.90,夏科数码旗舰店,夏科电脑键盘鼠标有线台式笔记本办公专用静音无声打字外接usb家用商务电竞游戏真机械手感三件套
200+人付款,重庆,4299.00,adol官方旗舰店,【新品上市】华硕a豆142022新款 12代酷睿i5标压 莱茵护眼屏 高性能办公学生轻薄本官方旗舰店正品
300+人付款,广东 深圳,1948.00,品纯旗舰店,【11代新品】2022新款轻薄便携15.6英寸大学生女生游戏商务办公用超薄设计手提官方正品超极本
400+人付款,广东 深圳,5199.00,aierxuan旗舰店,2022年新款12代英特尔酷睿i5/i7游戏本RTX3060独显卡高配置电竞240Hz屏幕轻薄便携手提学生设计本
100+人付款,江苏 南京,4699.00,华硕爱豆专卖店,【新品上市】华硕a豆14 Pro 12代酷睿i5标压高性能游戏轻薄本商务办公学生便携手提官方旗舰店官网
100+人付款,福建 厦门,3499.00,戴尔力持专卖店,戴尔DELL灵越13Pro 13.3英寸11代英特尔酷睿i5超薄轻薄办公商务i7手提5310学生i3独显2022粉色5320
90人付款,浙江 杭州,3699.00,oppo酷炫专卖店,【24期免息】OPPO Find X5 oppofindx55G新款上市oppo官方旗舰店findx5pro限量版天玑0ppofindx5新品
300+人付款,山东 济南,2699.00,三际数码官方旗舰店,24期免息新品 vivo S15 5G全网通 vivos15 vivos15e vivos15pro 学生拍照vivo vivo官方旗舰店
9人付款,上海,3399.00,苹果021,华为MateBookD14/15 SE 12代酷睿2022新款轻薄商务办公
100+人付款,北京,5199.00,华为华泰纵横专卖店,【直降700】华为mateBook14/14s 2022新款12代标压酷睿i5/i7处理器轻薄商务触屏官方旗舰店正品
100+人付款,广东 广州,7699.00,thunderobot旗舰店,雷神911MT Pro 12代英特尔酷睿i9-12900H RTX3050Ti/3060独显电竞屏学生游戏本高端旗舰2022年新款
100+人付款,北京,8798.00,联想艾克兰斯专卖店,Lenovo/拯救者 R9000P 2022热销爆款 电竞本游戏本独显16英寸大屏学生设计办公官方正品RTX3060
600+人付款,广东 广州,4699.00,惠普中国官方旗舰店,【2022新款】HP/惠普星15可选12代英特尔酷睿i5处理器轻薄便携学生办公本惠普官方旗舰店正品
900+人付款,上海,109.00,罗技官方旗舰店,罗技MK235无线办公家用台式笔记本薄款耐用省电便携
53人付款,北京,1149.00,alienware外星人旗舰店,ALIENWARE外星人全家桶610M无线鼠标机械键盘游戏耳机
1000+人付款,江苏 苏州,45.00,双飞燕宽迈专卖店,双飞燕有线键盘鼠标台式机办公家用USBPS2圆口有线键盘鼠标笔记本电脑游戏键盘鼠标KK-5520
2000+人付款,上海,45.00,捷宏数码专营店,双飞燕KB-8键盘鼠标USB有线静音笔记本台式电脑办公游戏
1000+人付款,北京,99.00,小米官方旗舰店,小米无线键盘鼠标轻薄便携办公笔记本USB电脑外设无线
3000+人付款,广东 深圳,39.00,bow旗舰店,BOW航世 巧克力键盘有线台式电脑联想笔记本USB外接家用办公打字手感好无线小键盘鼠标静音迷你小米
22人付款,江苏 南京,79.90,南京品成,包邮正品罗技 MK270/MK275无线多媒体办公套件键盘鼠标
1000+人付款,广东 深圳,85.00,航世数码专营店,BOW航世电脑外接无线蓝牙键盘超薄无声鼠标可充电静音适用于联想惠普苹果ipad笔记本mac台式办公便携
2000+人付款,广东 深圳,4599.00,神舟电脑旗舰店,【热销】神舟战神Z7系列 RTX3050系独显12代英特尔酷睿i7/i5 大屏游戏本 学生网课 商务办公高配置
200+人付款,江苏 苏州,7799.00,神舟电脑旗舰店,【高端】神舟战神ZX10/G10系列 RTX3070/RTX3070Ti/RTX3080可选英特尔12代酷睿i5/i7 2.5K高刷大屏
300+人付款,广东 深圳,4099.00,火影旗舰店,【3千档位性价比入门独显游戏本】火影T5C六核i5/GTX1650/RTX3050/T5G游戏本15.6学生游戏本轻薄本
200+人付款,江苏 南京,5299.00,dell戴尔戴鑫专卖店,【2022新款】Dell/戴尔 灵越14Pro 5420 14英寸轻薄本12代酷睿商务办公2.2K护眼全面屏手提本5425
300+人付款,广东 广州,4399.00,acer宏碁旗舰店,Acer/宏碁蜂鸟非凡Vero 英特尔酷睿i5 高性能商务办公颜值轻薄便携本环保设计本大学生宏基手提
200+人付款,四川 成都,3754.00,华开云享电脑专营店,asus华硕爱豆a豆14酷睿i5办公学生PS设计pr绘图超极本轻薄便携粉色白色彩色女生手提小巧13.3
200+人付款,广东 广州,6399.00,acer宏碁旗舰店,Acer/宏碁传奇X 非凡X酷睿版 12代酷睿i5 高性能独显轻薄便携游戏本商务办公本女生宏基手提旗舰店
600+人付款,湖北 武汉,2099.00,宁美官方旗舰店,宁美国度CRL200 英特尔11代商务办公家用轻薄本学生网课便携女生商务
2000+人付款,广东 深圳,1368.00,dere戴睿旗舰店,【2022新品酷睿i7】戴睿R12Max英特尔独显轻薄便携大学生女生款超薄官方手提商务办公游戏本旗舰店
1000+人付款,广东 广州,2899.00,惠普中国官方旗舰店,【详情下单2499起】HP/惠普星14 青春版锐龙可选R3/R5处理器轻薄学生本女生办公惠普官方旗舰店
19人付款,广东 广州,3680.00,广州凌智科技,Xiaomi/小米 RedmiBook Pro i515独显锐龙轻薄办公游戏
46人付款,上海,6714.00,静房王树楷,2022新款Apple苹果MacBook Air 13.3 13.6寸 M1 M2定制
3人付款,江苏 南京,4399.00,惠普一方专卖店,【新品】HP惠普星14pro 12代酷睿i5 2.8K屏MX550独显高性能轻薄便携学生女生网课商务办公惠普官方
400+人付款,上海,15599.00,玩家国度旗舰店,ROG枪神6 Plus12代英特尔酷睿i9游戏本RTX3070Ti独显手提学生超竞版商务办公17.3英寸玩家国度旗舰
300+人付款,浙江 宁波,10999.00,rog玩家国度网硕专卖店,【热销爆款】ROG魔霸6 Plus/魔霸6 锐龙R9/RTX3060/RTX3070Ti 17.3英寸2.5K 240Hz游戏本玩家国度
100+人付款,广东 广州,459.00,thunderobot旗舰店,雷神变形金刚联名机械键盘鼠标大黄蜂KG8104游戏有线USB
41人付款,上海,1199.00,玩家国度旗舰店,【6期免息】ROG玩家国度 有线无线机械键盘鼠标电竞游戏防油抗磨损Cherry键轴红轴青轴吃鸡键盘
400+人付款,上海,394.00,王先生在线小店,罗技MX Keys无线蓝牙键盘静音商务办公专用logimac女Mini
400+人付款,广东 东莞,149.00,星动力数码配件专营店,狼蛛F2088机械键盘鼠标游戏吃鸡外设电脑耳机电竞三件套
1000+人付款,广东 深圳,89.00,microstep旗舰店,无线静音键盘鼠标机械手感游戏办公台式电脑笔记本女生
400+人付款,广东 深圳,249.00,讯则达数码专营店,牧马人专业电竞真机械键盘青轴茶轴鼠标游戏专用三件套
94人付款,广东 广州,339.00,machenike旗舰店,机械师K7漫威钢铁侠正版授权机械键盘红轴无线鼠标游戏
4人付款,河南 鹤壁,159.00,麦爆数码专营店,HP惠普机械键盘鼠标青轴黑茶红轴台式笔记本电脑游戏电竞
300+人付款,江苏 南京,2899.00,asus华硕恩荣专卖店,Asus华硕无畏15 2022款VivoBook11代酷睿i5/i7超薄轻薄15.6英寸商务办公学生用手提官方旗舰店官网
100+人付款,江苏 南京,319.00,苏宁易购官方旗舰店,罗技K380无线键盘蓝牙pebble鼠标可妮兔联名ipad苹果粉女
1000+人付款,广东 深圳,23.90,夏科数码旗舰店,夏科机械手感键盘鼠标有线台式电脑笔记本外接电竞游戏光
2000+人付款,广东 深圳,119.00,炫光数码配件旗舰店,牧马人机械键盘鼠标青轴茶轴黑轴游戏电竞专用有线三件套
3000+人付款,广东 深圳,59.90,飞利浦卡博专卖店,飞利浦无线键盘鼠标静音轻薄防溅水笔记本台式电脑办公
800+人付款,浙江 杭州,119.00,aoc官方旗舰店,AOC GK420机械键盘青黑茶红轴电竞游戏宏电脑真有线鼠标
800+人付款,广东 深圳,21.90,aigo爱国者旗舰店,【官方旗舰店】爱国者键盘鼠标有线笔记本台式电脑通用家用办公专用打字游戏电竞专用机械手感
4000+人付款,江苏 南京,39.90,六杰数码专营店,爱国者巧克力无线键盘鼠标家用办公打字台式机电脑笔记本外接超薄便携USB女生可爱粉色迷你小巧白色
100+人付款,广东 广州,149.00,machenike旗舰店,机械师CKM500无线键盘笔记本办公小巧轻声2.4G无线非蓝牙
300+人付款,江苏 南京,169.00,达尔优慧致星联专卖店,【顺丰包邮】达尔优牧马人游戏键盘鼠标机械键盘青轴有线cf网咖电竞lol家用USB台式笔记本电脑
100+人付款,浙江 杭州,53.00,新雨露尚品,罗技K120有线键盘USB电脑家用防水机械手感商务办公MK120
57人付款,浙江 杭州,189.00,天猫国际进口超市,【自营】罗技MK345无线鼠标键盘笔记本台式家用办公
100+人付款,北京,149.00,戴尔官方旗舰店,Dell/戴尔无线键盘鼠标非充电无线电竞游戏男女生KM3322W
300+人付款,浙江 金华,189.00,泽诚数码专营店,顺丰包邮黑寡妇机械键盘鼠标游戏专用青轴黑轴静音网吧电脑笔记本外接有线网红电竞三件套外设大手托
92人付款,江苏 南京,75.00,天猫商城2012,罗技MK275无线键盘鼠标USB防水家用薄款多媒体MK270
400+人付款,浙江 杭州,129.00,天天特卖工厂店,电竞真机械键盘青轴茶轴黑轴游戏专用台式笔记本电脑外接
300+人付款,浙江 杭州,59.00,天天特卖工厂店,HP惠普机械手感有线键盘鼠标游戏外接吃鸡专用办公打字
9000+人付款,广东 广州,35.80,汪翰数码专营店,牧马人真机械手感键盘鼠标有线电竞游戏专用无线电脑台式
2000+人付款,广东 广州,119.00,汪翰数码专营店,牧马人游戏真机械键盘鼠标办公青轴女生电竞电脑专用无线
1000+人付款,广东 广州,139.00,惠普中国官方旗舰店,惠普机械键盘青轴红轴茶轴游戏电竞电脑女生有线外接白色
1000+人付款,广东 深圳,99.00,炫光数码配件旗舰店,牧马人无线键盘鼠标静音可充电机械手感游戏电脑三件套
200+人付款,广东 广州,179.00,惠普中国官方旗舰店,HP惠普无线蓝牙键盘鼠标双模静音简约办公商务便携笔记本
700+人付款,广东 深圳,139.00,bow旗舰店,BOW航世 蓝牙三模无线键盘鼠标充电静音连笔记本电脑办公打字适用于苹果ipad平板华为小米手机联想
900+人付款,广东 深圳,89.00,bow旗舰店,【官方旗舰店】BOW 充电无线蓝牙键盘鼠标可连手机平板专用打字苹果通用外接ipadpro女生可爱mini6
46人付款,广东 广州,289.00,thunderobot旗舰店,雷神Kg8机械键盘笔记本电脑游戏有线电竞吃鸡青红轴104键
200+人付款,江苏 南京,185.00,达尔优慧致星联专卖店,【顺丰包邮】达尔优牧马人游戏键盘鼠标耳机三件套机械键盘有线cf网咖电竞lol台式电脑笔记本通用
8人付款,江苏 南京,399.00,brokenstone旗舰店,罗技k580无线键盘pebble蓝牙鼠标两件套办公家用电脑ipad
6人付款,北京,96.90,联想天梦康盛专卖店,Lenovo/联想原装正版M120 Pro无线笔记本台式一体机通用电脑商务办公巧克力键盘小巧可爱usb无线鼠标
200+人付款,上海,119.00,罗技官方旗舰店,罗技MK220无线键盘鼠标办公游戏USB笔记本电脑商务紧凑
200+人付款,广东 深圳,199.00,讯则达数码专营店,牧马人真机械键盘鼠标耳机三件套黑轴电竞游戏专用垫外设
6人付款,安徽 阜阳,68.00,童银城866,罗技MK540 MK545无线优联家用办公商务笔记本国行拆包
200+人付款,广东 深圳,49.00,魔金旗舰店,巧克力静音办公无线键盘鼠标台式电脑笔记本外接有线女生
4000+人付款,广东 深圳,16.80,夏科数码旗舰店,夏科有线键盘鼠标电脑台式笔记本无声静音办公家用商务白
4人付款,江苏 南京,239.00,天猫商城2012,罗技MK545无线 笔记本台式电脑无线键盘鼠标商务办公
100+人付款,安徽 合肥,199.00,罗技天利时代专卖店,罗技MK345无线鼠标键盘电脑笔记本台式家用办公打字专用
400+人付款,广东 深圳,18.90,夏科数码旗舰店,夏科键盘鼠标有线电脑台式笔记本专用办公游戏电竞机械感
600+人付款,广东 深圳,129.00,海莫数码专营店,惠普GK400真机械键盘青轴黑轴茶轴红轴有线电竞游戏专用
1000+人付款,广东 深圳,64.90,飞利浦凯网专卖店,飞利浦无线键盘鼠标可充电静音轻薄防溅电脑办公游戏通用
200+人付款,江苏 南京,19.90,爱国者岂迩专卖店,爱国者电脑键盘鼠标游戏办公有线USB打字台式笔记本国货
300+人付款,江苏 南京,209.00,牧马人数码旗舰店,牧马人游戏机械键盘鼠标有线吃鸡cf网咖电竞家用台式电脑
800+人付款,浙江 金华,59.00,乐诚数码专营店,黑寡妇机械手感键盘鼠标有线耳机三件套笔记本电脑台式外接网吧电竞游戏专用办公静音无声发光外设女
700+人付款,广东 深圳,99.00,magegee旗舰店,Magegee樱花粉色机械键盘87键青轴红轴有线电竞可爱萌女生少女笔记本游戏电脑朋克静音鼠标办公专用
900+人付款,广东 深圳,59.90,microstep旗舰店,键盘女生办公静音无声粉色可爱笔记本电脑台式通用有线
71人付款,江苏 南京,53.90,苏宁易购官方旗舰店,戴尔键盘鼠标有线无线笔记本台式机电脑办公家用345
66人付款,上海,999.00,罗技强袭专卖店,顺丰罗技GPRO机械键盘茶轴87键KDA便携G502鼠标RGB背光套
200+人付款,安徽 合肥,189.00,天戈数码专营店,真机械键盘鼠标耳机三件套有线电竞游戏青轴黑轴金属台式电脑笔记本外接网咖网红办公专用
65人付款,北京,149.00,戴尔官方旗舰店,Dell/戴尔KM3322W无线键盘鼠标两件套2.4G商务办公家用打字台式笔记本电脑一体机外设外接便携轻薄
85人付款,广东 东莞,49.00,苏宁易购官方旗舰店,爱国者AK200有线键盘鼠标潮感颜值商务办公游戏用台式机
21人付款,安徽 合肥,44.00,勤缘数码专营店,富勒L618 L600 MK850商务USB鼠标键盘有线纤薄
100+人付款,上海,699.00,罗技g官方旗舰店,官方旗舰店罗技g502hero+g610游戏电竞机械有线鼠标rgb吃鸡宏 cherry红青轴机械键盘104键
600+人付款,广东 深圳,219.00,炫光数码配件旗舰店,黑寡妇无线蓝牙三模真机械键盘可充电热插拔电竞游戏鼠标
29人付款,江苏 南京,65.00,天猫商城2012,罗技MK120有线办公K120键盘鼠标游戏家用笔记本台式电脑
1000+人付款,上海,45.00,桦陌数码专营店,双飞燕KR-85键盘鼠标USB有线静音笔记本台式电脑办公游戏
8人付款,浙江 杭州,33.00,涵涵100109,HP惠普km100有线键盘鼠标USB台式笔记本电脑游戏办公防水
